"Response","PDE","Test error"
"Height 90p","0.557235746358229","4.96606981005871"
"Basal area","0.548282131858217","17.5331998806203"
"QMD","0.597229268027852","5.38066957723902"
"Height skew","0.514527922481953","1.17866784674459"
"Density","0.34621732201182","280.775871353829"
