"Response","Train error","CV error"
"abla_density","11.5853776328947","11.8189794183281"
"ba","7.46006754901549","27.8639450132055"
"density","182.434646706549","445.327216672056"
"diam","2.09961910972787","5.58433556120277"
"height_95p","2.18474228347859","4.40235629724792"
"height_skew","0.523396487326355","0.668942704482796"
"pico_density","13.7770998140266","40.6790590828836"
"pien_density","30.5642771674387","46.1699518149855"
