"Response","CV error","Test error"
"Height 90p","5.36177080512479","5.40433812047171"
"Basal area","17.5233589703078","18.1945550701754"
"QMD","5.78228490842315","5.850864266735"
"Height skew","1.18527127281468","1.21788770651762"
"Density","299.763291586567","310.303977815573"
